"","Modnames","K","AICc","Delta_AICc","ModelLik","AICcWt","LL","Cum.Wt"
"1","scale(mean) ~ poly(mat, 1, raw = T) + (1 | geographic.area/plot.name)",5,540.192166409384,0,1,0.999932089520078,-264.979804134924,0.999932089520078
"4","scale(mean) ~ poly(VapourPressureDeficit, 2, raw = T) + (1 | geographic.area/plot.name)",6,560.975350735551,20.783184326167,3.06894330458231e-05,3.06873489116964e-05,-274.324251243262,0.99996277686899
"6","scale(mean) ~ poly(TempSeasonality, 1, raw = T) + (1 | geographic.area/plot.name)",5,561.047459379497,20.8552929701132,2.96026555818156e-05,2.96006452512681e-05,-275.407450619981,0.999992377514241
"3","scale(mean) ~ poly(PotentialEvapotranspiration, 2, raw = T) + (1 | geographic.area/plot.name)",6,564.643512380882,24.4513459714981,4.90295248793491e-06,4.90261952607842e-06,-276.158332065927,0.999997280133767
"8","scale(mean) ~ log(length_growing_season) + (1 | geographic.area/plot.name)",5,566.10100849018,25.9088420807966,2.36573680189553e-06,2.36557614357395e-06,-277.934225175323,0.999999645709911
"2","scale(mean) ~ log(map) + (1 | geographic.area/plot.name)",5,571.397527750029,31.2053613406457,1.67433317349423e-07,1.67421946872487e-07,-280.582484805247,0.999999813131858
"5","scale(mean) ~ log(SolarRadiation) + (1 | geographic.area/plot.name)",5,571.873553736748,31.6813873273643,1.31969676573009e-07,1.31960714448938e-07,-280.820497798607,0.999999945092572
"7","scale(mean) ~ poly(PreSeasonality, 2, raw = T) + (1 | geographic.area/plot.name)",6,573.627264981427,33.4350985720431,5.49111569457954e-08,5.49074279027742e-08,-280.6502083662,1
