"","Modnames","K","AICc","Delta_AICc","ModelLik","AICcWt","LL","Cum.Wt"
"1","scale(mean) ~ poly(mat, 1, raw = T) + (1 | geographic.area/plot.name)",5,184.544798145923,0,1,0.999860374282343,-86.9463121164399,0.999860374282343
"6","scale(mean) ~ poly(TempSeasonality, 1, raw = T) + (1 | geographic.area/plot.name)",5,203.334680690984,18.7898825450606,8.31436043309371e-05,8.31319953455138e-05,-96.3412533889702,0.999943506277688
"8","scale(mean) ~ log(length_growing_season) + (1 | geographic.area/plot.name)",5,204.551645384096,20.0068472381729,4.52447634631401e-05,4.52384461305713e-05,-96.9497357355263,0.999988744723819
"4","scale(mean) ~ log(VapourPressureDeficit) + (1 | geographic.area/plot.name)",5,207.440122068474,22.8953239225512,1.06744026178181e-05,1.0672912196692e-05,-98.3939740777155,0.999999417636015
"3","scale(mean) ~ log(PotentialEvapotranspiration) + (1 | geographic.area/plot.name)",5,213.267040160564,28.7222420146408,5.79487927313129e-07,5.79407015895404e-07,-101.30743312376,0.999999997043031
"2","scale(mean) ~ poly(map, 2, raw = T) + (1 | geographic.area/plot.name)",6,224.201101965967,39.6563038200437,2.44761462278516e-09,2.44727287283691e-09,-105.639012521445,0.999999999490304
"5","scale(mean) ~ log(SolarRadiation) + (1 | geographic.area/plot.name)",5,227.343148623903,42.7983504779793,5.08693603193779e-10,5.08622576484365e-10,-108.34548735543,0.999999999998927
"7","scale(mean) ~ poly(PreSeasonality, 1, raw = T) + (1 | geographic.area/plot.name)",5,239.664964134016,55.1201659880927,1.07351479673805e-12,1.07336490646414e-12,-114.506395110486,1
