"","Modnames","K","AICc","Delta_AICc","ModelLik","AICcWt","LL","Cum.Wt"
"6","scale(mean) ~ log(TempSeasonality) + (1 | geographic.area/plot.name)",5,242.294863640901,0,1,0.790448251289732,-115.831642346766,0.790448251289732
"3","scale(mean) ~ poly(PotentialEvapotranspiration, 2, raw = T) + (1 | geographic.area/plot.name)",6,245.703827777928,3.40896413702754,0.181866556202201,0.143756101318115,-116.405105378326,0.934204352607847
"1","scale(mean) ~ log(mat) + (1 | geographic.area/plot.name)",5,247.952216666197,5.6573530252964,0.0590910081416926,0.0467083840525482,-118.660318859414,0.980912736660395
"5","scale(mean) ~ poly(SolarRadiation, 2, raw = T) + (1 | geographic.area/plot.name)",6,250.134769693875,7.83990605297484,0.019842026772174,0.015684095364109,-118.620576336299,0.996596832024504
"8","scale(mean) ~ poly(length_growing_season, 1, raw = T) + (1 | geographic.area/plot.name)",5,254.207627003158,11.9127633622576,0.00258926382499161,0.00204667906259238,-121.788024027895,0.998643511087097
"4","scale(mean) ~ poly(VapourPressureDeficit, 2, raw = T) + (1 | geographic.area/plot.name)",6,255.073718135689,12.7788544947885,0.00167921770232653,0.00132733469633877,-121.090050557206,0.999970845783435
"2","scale(mean) ~ poly(map, 2, raw = T) + (1 | geographic.area/plot.name)",6,262.741620466582,20.4467568256815,3.63114146541644e-05,2.87022942152406e-05,-124.924001722653,0.999999548077651
"7","scale(mean) ~ poly(PreSeasonality, 1, raw = T) + (1 | geographic.area/plot.name)",5,271.044064396123,28.7492007552224,5.71729203790897e-07,4.51922349347785e-07,-130.206242724377,1
