"","Modnames","K","AICc","Delta_AICc","ModelLik","AICcWt","LL","Cum.Wt"
"6","scale(mean) ~ poly(TempSeasonality, 2, raw = T) + (1 | geographic.area/plot.name)",6,109.434294572186,0,1,0.999795577581297,-48.5391811843981,0.999795577581297
"1","scale(mean) ~ poly(mat, 1, raw = T) + (1 | geographic.area/plot.name)",5,126.42617160646,16.9918770342742,0.000204296432749575,0.00020425466997866,-58.0865035247491,0.999999832251276
"8","scale(mean) ~ poly(length_growing_season, 1, raw = T) + (1 | geographic.area/plot.name)",5,140.805888486721,31.3715939145347,1.54079527226162e-07,1.54048029916534e-07,-65.2763619648794,0.999999986299306
"2","scale(mean) ~ poly(map, 1, raw = T) + (1 | geographic.area/plot.name)",5,145.648110599847,36.2138160276607,1.36857866449394e-08,1.36829889633316e-08,-67.6974730214424,0.999999999982295
"3","scale(mean) ~ poly(PotentialEvapotranspiration, 2, raw = T) + (1 | geographic.area/plot.name)",6,159.237178738918,49.8028841667322,1.53264337321553e-11,1.53233006655016e-11,-73.4406232677642,0.999999999997618
"4","scale(mean) ~ poly(VapourPressureDeficit, 2, raw = T) + (1 | geographic.area/plot.name)",6,163.019446795799,53.5851522236126,2.31276783473158e-12,2.31229505313691e-12,-75.3317572962044,0.999999999999931
"5","scale(mean) ~ log(SolarRadiation) + (1 | geographic.area/plot.name)",5,170.054468438561,60.6201738663745,6.86272345963376e-14,6.86132056510526e-14,-79.9006519407993,0.999999999999999
"7","scale(mean) ~ poly(PreSeasonality, 1, raw = T) + (1 | geographic.area/plot.name)",5,179.017229985046,69.5829354128597,7.76707605512663e-16,7.7654882906532e-16,-84.3820327140419,1
