"","Modnames","K","AICc","Delta_AICc","ModelLik","AICcWt","LL","Cum.Wt"
"6","scale(mean) ~ log(TempSeasonality) + (1 | geographic.area/plot.name)",5,282.538191136256,0,1,0.800139910176074,-136.075547181031,0.800139910176074
"1","scale(mean) ~ poly(mat, 1, raw = T) + (1 | geographic.area/plot.name)",5,285.315764790595,2.77757365433877,0.249377659391231,0.199537017985219,-137.464334008201,0.999676928161294
"8","scale(mean) ~ poly(length_growing_season, 1, raw = T) + (1 | geographic.area/plot.name)",5,298.414123450917,15.8759323146614,0.000356931683468314,0.000285595285149332,-144.013513338362,0.999962523446443
"3","scale(mean) ~ poly(PotentialEvapotranspiration, 2, raw = T) + (1 | geographic.area/plot.name)",6,302.54855486712,20.0103637308642,4.51652819176652e-05,3.61385446166777e-05,-145.001550160833,0.99999866199106
"2","scale(mean) ~ poly(map, 2, raw = T) + (1 | geographic.area/plot.name)",6,310.118009381941,27.5798182456854,1.02593196652641e-06,8.20889111543204e-07,-148.786277418243,0.999999482880171
"4","scale(mean) ~ poly(VapourPressureDeficit, 2, raw = T) + (1 | geographic.area/plot.name)",6,311.472385122072,28.9341939858163,5.21218241687297e-07,4.17047517085805e-07,-149.463465288309,0.999999899927688
"5","scale(mean) ~ poly(SolarRadiation, 2, raw = T) + (1 | geographic.area/plot.name)",6,314.328403031051,31.7902118947949,1.24980770510075e-07,1.00002102489668e-07,-150.891474242798,0.999999999929791
"7","scale(mean) ~ poly(PreSeasonality, 1, raw = T) + (1 | geographic.area/plot.name)",5,328.851335345466,46.3131442092101,8.77462399033392e-11,7.02092685145461e-11,-159.232119285636,1
