"","Modnames","K","AICc","Delta_AICc","ModelLik","AICcWt","LL","Cum.Wt"
"6","scale(mean) ~ log(TempSeasonality) + (1 | geographic.area/plot.name)",5,132.238587276247,0,1,0.453834526734932,-60.6020522588133,0.453834526734932
"1","scale(mean) ~ poly(mat, 1, raw = T) + (1 | geographic.area/plot.name)",5,133.535004922632,1.29641764638487,0.522981690992545,0.237347148222636,-61.2502610820057,0.691181674957568
"2","scale(mean) ~ poly(map, 1, raw = T) + (1 | geographic.area/plot.name)",5,134.946435241733,2.707847965486,0.25822499957301,0.117191420472345,-61.9559762415563,0.808373095429913
"4","scale(mean) ~ poly(VapourPressureDeficit, 2, raw = T) + (1 | geographic.area/plot.name)",6,135.127609307623,2.88902203137545,0.235861380877685,0.107042038165672,-60.8269625485482,0.915415133595584
"8","scale(mean) ~ poly(length_growing_season, 1, raw = T) + (1 | geographic.area/plot.name)",5,135.926315882267,3.68772860601999,0.158204891720652,0.0717988421611933,-62.4459165618233,0.987213975756778
"3","scale(mean) ~ poly(PotentialEvapotranspiration, 2, raw = T) + (1 | geographic.area/plot.name)",6,140.0495298854,7.81094260915316,0.0201314642038438,0.00913635352943265,-63.287922837437,0.99635032928621
"7","scale(mean) ~ poly(PreSeasonality, 1, raw = T) + (1 | geographic.area/plot.name)",5,142.712601420659,10.4740141444122,0.00531614388440462,0.00241264964383357,-65.8390593310194,0.998762978930044
"5","scale(mean) ~ poly(SolarRadiation, 1, raw = T) + (1 | geographic.area/plot.name)",5,144.048640329589,11.8100530533422,0.00272570947577654,0.00123702106995597,-66.5070787854843,1
