"","Modnames","K","AICc","Delta_AICc","ModelLik","AICcWt","LL","Cum.Wt"
"6","scale(mean) ~ log(TempSeasonality) + (1 | geographic.area/plot.name)",5,43.0207412105327,0,1,0.673070511147178,-14.6353706052664,0.673070511147178
"1","scale(mean) ~ poly(mat, 1, raw = T) + (1 | geographic.area/plot.name)",5,45.25817559992,2.23743438938732,0.32669861665106,0.219891204900405,-15.75408779996,0.892961716047583
"2","scale(mean) ~ poly(map, 2, raw = T) + (1 | geographic.area/plot.name)",6,47.6066085268912,4.58586731635851,0.100969816011286,0.0679598056731528,-15.0033042634456,0.960921521720736
"8","scale(mean) ~ poly(length_growing_season, 1, raw = T) + (1 | geographic.area/plot.name)",5,50.3551481064053,7.33440689587263,0.025547815936175,0.0171954815308553,-18.3025740532027,0.978117003251591
"3","scale(mean) ~ log(PotentialEvapotranspiration) + (1 | geographic.area/plot.name)",5,51.3393093673496,8.3185681568169,0.0156187357084217,0.0105125104267401,-18.7946546836748,0.988629513678331
"4","scale(mean) ~ log(VapourPressureDeficit) + (1 | geographic.area/plot.name)",5,51.8808127980441,8.86007158751134,0.0119140632160896,0.00801900461869325,-19.065406399022,0.996648518297024
"5","scale(mean) ~ log(SolarRadiation) + (1 | geographic.area/plot.name)",5,53.736927796074,10.7161865855413,0.00470987790982506,0.00317007993220675,-19.993463898037,0.999818598229231
"7","scale(mean) ~ poly(PreSeasonality, 1, raw = T) + (1 | geographic.area/plot.name)",5,59.4585233609685,16.4377821504358,0.000269513769752844,0.00018140177076875,-22.8542616804842,1
