koeppen,area,percentage
Af,6290000,14.5
Am,4150000,9.54
As,255000,0.586
Aw,6730000,15.5
BSh,272000,0.625
BSk,95500,0.22
BWh,2860,0.00658
BWk,30.2,6.94E-05
Cfa,2740000,6.3
Cfb,1730000,3.98
Cfc,123000,0.283
Csa,223000,0.513
Csb,617000,1.42
Csc,7700,0.0177
Cwa,1590000,3.66
Cwb,421000,0.968
Cwc,1600,0.00368
Dfa,46600,0.107
Dfb,4180000,9.61
Dfc,10300000,23.7
Dfd,685000,1.58
Dsb,86100,0.198
Dsc,174000,0.4
Dwa,156000,0.359
Dwb,756000,1.74
Dwc,1540000,3.54
Dwd,44700,0.103
ET,270000,0.621
