Koeppen zone,Area (km2)
Af,6286228.673
Am,4150410.914
As,254875.5037
Aw,6732838.531
BSh,271886.1884
BSk,95527.17245
BWh,2860.644608
BWk,30.16461026
Cfa,2744479.219
Cfb,1734386.426
Cfc,122823.5326
Csa,222848.4249
Csb,617094.6444
Csc,7701.620663
Cwa,1586199.72
Cwb,421024.7063
Cwc,1598.709527
Dfa,46637.53174
Dfb,4176095.839
Dfc,10321424.87
Dfd,685127.3846
Dsb,86122.33163
Dsc,173991.133
Dwa,155798.4913
Dwb,755878.4292
Dwc,1540029.735
Dwd,44718.11308
ET,270283.8462
,
