"","PC1","PC2","PC3","PC4","PC5"
"AnnualMeanTemp",0.136796426202693,0.0839388295820376,0.0290807306202619,0.043989966421378,0.0225407217405898
"MeanDiurnalRange",0.0583923783244899,0.187511650318413,0.161868215734174,0.203820583931915,0.198788400204969
"TempSeasonality",0.133612118482663,0.114681627736801,0.03084487317046,0.0398801120235941,0.0667580930351108
"TempRangeAnnual",0.139815777484157,0.0862579589971765,0.059196461190876,0.0193305855241843,0.0921576327388687
"AnnualPre",0.116563727907578,0.0340412113216225,0.198712266182326,0.147982133189259,0.259498262581757
"PreSeasonality",0.0877792253412122,0.102672637982169,0.301379554121271,0.144824039534502,0.107648385483471
"CloudCover",0.0923748784542328,0.176692073551488,0.0162867329500128,0.174607558874576,0.0336309269946382
"AnnualPET",0.118654392606457,0.077983953824566,0.201512869505185,0.0617167504638732,0.108659145392909
"AnnualWetDays",0.116011075196517,0.136220056685725,0.00111829652543317,0.163848270036719,0.110318431827687
