"","PC1","PC2","PC3","PC4","PC5"
"AnnualMeanTemp",0.15710973835513,0.0683601927790804,0.0189054801293815,0.0437133706391202,0.0244735700638914
"MeanDiurnalRange",0.0780075717504282,0.185698998336225,0.0554086311594066,0.279548693000899,0.121180357354357
"TempSeasonality",0.159835150907348,0.0342658698158015,0.0829156749585823,0.0711539274918399,0.123258390101658
"TempRangeAnnual",0.162329481237831,0.0113346005939306,0.0779452820091324,0.0116157404804191,0.144673280910286
"AnnualPre",0.143664391715557,0.0417363246052715,0.0639242490967835,0.141529952615222,0.377045135942863
"PreSeasonality",0.0227581100356373,0.136288581489704,0.419135776012867,0.0280277655853827,0.109984998761183
"CloudCover",0.0499811590120527,0.191657608188334,0.0765981911661888,0.351551960484807,0.0972164230295883
"AnnualPET",0.110805733220012,0.17137373679773,0.12211440173814,0.0539975462563761,0.00128370097119152
"AnnualWetDays",0.115508663766003,0.159284087393923,0.0830523137295176,0.0188610434459341,0.000884142864980703
