"","PC1","PC2","PC3","PC4","PC5"
"AnnualMeanTemp",0.154948450294135,0.0703990632129022,0.0801571917307573,0.095298406960145,0.0610878133043413
"MeanDiurnalRange",0.0805055732091903,0.119464708419851,0.316759452176574,0.0102929531531876,0.165471669642458
"TempSeasonality",0.169029936971995,0.024029272447329,0.100039751365962,0.0891053788689408,0.0550925947548386
"TempRangeAnnual",0.173067119972188,0.00740538181316875,0.0399130360299706,0.0947859863042487,0.0769337808767163
"AnnualPre",0.132135889791427,0.0530488650054339,0.163687638570049,0.0981319965443778,0.277145817556998
"PreSeasonality",0.0307347475202136,0.221754472393244,0.0885795477618773,0.18451790528671,0.103779887170298
"CloudCover",0.0306201554616903,0.22826649399493,0.112891442605435,0.0962924283258463,0.171856866085625
"AnnualPET",0.129867501263632,0.0716557286637711,0.0867676152041531,0.320294623178523,0.0368693627977459
"AnnualWetDays",0.0990906255155289,0.20397601404937,0.0112043245552219,0.0112803213780208,0.051762207810979
