"","PC1","PC2","PC3","PC4","PC5"
"AnnualMeanTemp",0.179296600372378,0.0206754901597641,0.0309716117344804,0.0269963263779932,0.100506864692867
"MeanDiurnalRange",0.0362309350599176,0.147775698870388,0.319814338021539,0.155930097682963,0.0519390081444027
"TempSeasonality",0.182331692240607,0.0174330711244881,0.0902013456403218,0.0321122699920451,0.122774888561599
"TempRangeAnnual",0.184979601062946,0.0162272342136953,0.0303810864248493,0.059888943099227,0.134159939669078
"AnnualPre",0.146186296151927,0.0697294454336501,0.163809848814217,0.150757663622944,0.164396880123338
"PreSeasonality",0.0183925702123975,0.221961100181471,0.143582474495176,0.170851419165867,0.0925667349319068
"CloudCover",0.0174062748625465,0.233987642253668,0.0900194683018151,0.192263041104418,0.019680847571776
"AnnualPET",0.160400421062215,0.0494171689952904,0.0799416812380441,0.113012580279898,0.252728415912478
"AnnualWetDays",0.0747756089750645,0.222793148767585,0.0512781453295574,0.0981876586746444,0.0612464203925542
