"","PC1","PC2","PC3","PC4","PC5"
"AnnualMeanTemp",0.145640327229385,0.0644527818653401,0.0105496364632476,0.0172850800465128,0.0204852000102017
"MeanDiurnalRange",0.0899818470016437,0.116670514154259,0.192206605342156,0.316128932943598,0.205496241653268
"TempSeasonality",0.143118215918818,0.0932084119157066,0.0489042931829887,0.0590155312260407,0.0023424982823197
"TempRangeAnnual",0.14809160732537,0.0644940490884601,0.0132002001264431,0.00128608565077372,0.0335613981629966
"AnnualPre",0.128566752205591,0.0220981032420583,0.0172996636174023,0.119787319262367,0.348452458830853
"PreSeasonality",0.0152372630465746,0.238891604070544,0.322348630760561,0.0945154296924262,0.0450181166971916
"CloudCover",0.0799287207710706,0.183317683436979,0.111703958639934,0.331381874179745,0.0475304388044192
"AnnualPET",0.118574941722315,0.0884038688776109,0.201182395950179,0.0231498093455176,0.23955641951729
"AnnualWetDays",0.130860324779231,0.128462983349042,0.0826046159170875,0.0374499376530185,0.05755722804146
