"","PC1","PC2","PC3","PC4","PC5"
"AnnualMeanTemp",0.158328583654936,0.0617496087113233,0.0205095756821549,0.0421815049478166,0.119765270584953
"MeanDiurnalRange",0.0557587813780095,0.123754821863706,0.321829548732394,0.159974907201422,0.0640387887684854
"TempSeasonality",0.16256330295395,0.0544762057407865,0.0801494231145441,0.00611130224594228,0.128825498215613
"TempRangeAnnual",0.167433230312368,0.0295874040865811,0.0285394391537436,0.0241142453561155,0.141287828869593
"AnnualPre",0.125697641578056,0.0959068580340873,0.158727486100843,0.118695493715977,0.195058785214683
"PreSeasonality",0.0254600693759636,0.210190859366445,0.147438869056685,0.166738999388771,0.0107935674780484
"CloudCover",0.0573391255764645,0.203722327533427,0.0757922743135543,0.219857094471421,0.0360847337446331
"AnnualPET",0.138333383197246,0.049943793911874,0.108967150500836,0.180360311432761,0.24245771000104
"AnnualWetDays",0.109085881973005,0.170668120751769,0.0580462333452452,0.0819661412397736,0.0616878171229515
